"id","code","name"
edu_name_object_1,181000003,"ESCUELA DE OFICIALES DE LA FUERZA AÉREA DEL PERÚ. CAPITAN FAP ""JOSÉ QUIÑONES GONZALES"""
edu_name_object_2,181000004,ESCUELA DE OFICIALES DE LA POLICÍA NACIONAL DEL PERÚ
edu_name_object_3,181000001,"ESCUELA MILITAR DEL PERÚ ""CORONEL FRANCISCO BOLOGNESI"""
edu_name_object_4,181000002,ESCUELA NAVAL DEL PERÚ
edu_name_object_5,182000004,ESCUELA TECNICA SUPERIOR DE LA POLICIA NACIONAL DEL PERÚ
edu_name_object_6,182000003,INSTITUTO DE EDUCACIÓN SUPERIOR TECNOLÓGICO AERONÁUTICO FUERZA AÉREA DEL PERÚ
edu_name_object_7,182000001,INSTITUTO DE EDUCACIÓN SUPERIOR TECNOLOGICO NAVAL CITEN
edu_name_object_8,182000002,INSTITUTO SUPERIOR TECNOLÓGICO PÚBLICO DEL EJERCITO
edu_name_object_9,170209858,ACAD. MUSICA Y DANZAS
edu_name_object_10,271114933,ANTONIO RUIZ DE MONTOYA
edu_name_object_11,171114776,ARTE DRAMÁTICO “GUILLERMO UGARTE CHAMORRO”
edu_name_object_12,271468180,ARTE NEGOCIOS Y TECNOLOGIA
edu_name_object_13,171061894,BELLAS ARTES “DIEGO QUISPE TITO” CALCA
edu_name_object_14,171062439,BELLAS ARTES “DIEGO QUISPE TITO” DEL CUSCO
edu_name_object_15,170326108,BELLAS ARTES DEL PERU-LIMA
edu_name_object_16,171061928,BELLAS ARTES DQT FILIAL CANCHIS
edu_name_object_17,170702829,BELLAS ARTES MACEDONIO DE LA TORRE
edu_name_object_18,170695528,CARLOS BACA FLOR
edu_name_object_19,170394098,CARLOS VALDERRAMA
edu_name_object_20,171637859,CHABUCA GRANDA
edu_name_object_21,170326124,CONSERVATORIO NACIONAL DE MÚSICA
edu_name_object_22,271124031,CORRIENTE ALTERNA
edu_name_object_23,170673061,DANIEL ALOMÍA ROBLES
edu_name_object_24,170699702,DE FORMACION ARTISTICA-HUARAZ
edu_name_object_25,170817544,EDUARDO MEZA SARAVIA
edu_name_object_26,171130210,ERNESTO LÓPEZ MINDREAU
edu_name_object_27,170326132,NACIONAL DE BALLET
edu_name_object_28,171345198,ESCUELA NACIONAL SUPERIOR AUTONOMA DE BELLAS ARTES DEL PERU-CHACHAPOYAS
edu_name_object_29,170768630,ESCUELA SUPERIOR DE FORMACION ARTISTICA-BAGUA
edu_name_object_30,170419960,ESCUELA SUPERIOR DE MUSICA CONDORCUNCA
edu_name_object_31,170419978,FELIPE GUAMÁN POMA DE AYALA
edu_name_object_32,170925057,FORMACION ARTISTICA-TARMA
edu_name_object_33,171125723,FRANCISCO LASO
edu_name_object_34,170886549,FRANCISCO PÉREZ ANAMPA
edu_name_object_35,270920231,GUDELIA ALARCO DE VARGAS
edu_name_object_36,171187368,IGNACIO MERINO DE PIURA
edu_name_object_37,271114578,JOSAFAT ROEL PINEDA
edu_name_object_38,171114693,JOSÉ MARÍA ARGUEDAS
edu_name_object_39,170702605,JOSÉ MARÍA VALLE RIESTRA
edu_name_object_40,170702837,JULIACA
edu_name_object_41,170285973,LEANDRO ALVIÑA
edu_name_object_42,171148485,LORENZO LUJAN DARJON
edu_name_object_43,170695536,LUIS DUNCKER LAVALLE
edu_name_object_44,170696005,MARIO URTEAGA ALVARADO
edu_name_object_45,171027564,MOHO
edu_name_object_46,171025584,PILCUYO
edu_name_object_47,170240135,PUNO
edu_name_object_48,170276352,REG BELLAS ARTES ICA
edu_name_object_49,270920488,RICHARD WAGNER
edu_name_object_50,170679746,SÉRVULO GUTIÉRREZ ALARCÓN DE ICA
edu_name_object_51,271123488,THEODORO VALCARCEL CABALLERO
edu_name_object_52,170685164,VICTOR MOREY PEÑA
edu_name_object_53,170394106,VIRGILIO RODRÍGUEZ NACHE
edu_name_object_54,150653592,13 DE JULIO DE 1882
edu_name_object_55,150921015,ACOLLA
edu_name_object_56,150932475,ACOMAYO
edu_name_object_57,151093152,AGUSTÍN BOCANEGRA Y PRADA
edu_name_object_58,151545623,ALIANZA ICHUÑA BÉLGICA
edu_name_object_59,150642090,ANTENOR ORREGO
edu_name_object_60,150695452,AREQUIPA
edu_name_object_61,150391169,ARÍSTIDES MERINO MERINO
edu_name_object_62,151273911,AYAVIRI
edu_name_object_63,150630558,AZÁNGARO
edu_name_object_64,150811489,CACHICADÁN
edu_name_object_65,151141795,CARLOS MEDRANO VÁSQUEZ
edu_name_object_66,151150739,CAYETANO ARDANZA
edu_name_object_67,150708164,CÉSAR ABRAHAM VALLEJO MENDOZA
edu_name_object_68,150686618,CHIMBOTE
edu_name_object_69,150608299,CHINCHA
edu_name_object_70,150644807,CHIQUIÁN
edu_name_object_71,150638130,CIRO ALEGRÍA BAZAN
edu_name_object_72,150932392,COYLLURQUI
edu_name_object_73,150690388,DAVID SÁNCHEZ INFANTE
edu_name_object_74,151096924,DE PICOTA
edu_name_object_75,151078880,DE UCHIZA
edu_name_object_76,151000694,DEL SANTA
edu_name_object_77,150932665,DIVINO JESÚS (ANTES SANTO TOMAS)
edu_name_object_78,151193259,EDISLAO MERA DÁVILA
edu_name_object_79,150630616,EDUCACIÓN FÍSICA LAMPA
edu_name_object_80,150688069,EDUCACIÓN FÍSICA-HUANCAVELICA
edu_name_object_81,151065416,EMILIA BARCIA BONIFFATTI
edu_name_object_82,150653584,FIDEL ZÁRATE PLASENCIA
edu_name_object_83,150637116,FILIBERTO GARCÍA CUELLAR
edu_name_object_84,151160191,FRAY ÁNGEL JOSÉ AZAGRA MURILLO
edu_name_object_85,150636811,FRAY FLORENCIO PASCUAL ALEGRE GONZÁLEZ
edu_name_object_86,150575779,GAMANIEL BLANCO MURILLO
edu_name_object_87,150576553,GENERALÍSIMO JOSÉ DE SAN MARTIN
edu_name_object_88,150726414,GRAN PAJATEN
edu_name_object_89,150783399,GREGORIA SANTOS
edu_name_object_90,150575308,GREGORIO MENDEL
edu_name_object_91,150609370,GUSTAVO ALLENDE LLAVERIA
edu_name_object_92,150610519,HERMILIO VALDIZAN
edu_name_object_93,150391151,HNO. VICTORINO ELORZ GOICOECHEA-CAJAMARCA
edu_name_object_94,150512855,HNO. VICTORINO ELORZ GOICOECHEA-SULLANA
edu_name_object_95,150891952,HONORIO DELGADO ESPINOZA
edu_name_object_96,150584755,HORACIO ZEBALLOS GAMEZ-CORONEL PORTILLO
edu_name_object_97,150933788,HORACIO ZEBALLOS GAMEZ-QUISPICANCHI
edu_name_object_98,151025683,HUANCANÉ
edu_name_object_99,151166057,HUANCASPATA
edu_name_object_100,150421412,HUANCAVELICA
edu_name_object_101,150412189,HUARAZ
edu_name_object_102,150936856,HUMBERTO YAURI MARTÍNEZ
edu_name_object_103,150597278,IGNACIO AMADEO RAMOS OLIVERA-YUNGAY
edu_name_object_104,150634659,INDOAMERICA
edu_name_object_105,150681627,INSTITUTO SUPERIOR PEDAGOGICO PUBLICO
edu_name_object_106,151275759,JOSÉ ANTONIO ENCINAS-TUMBES
edu_name_object_107,151029123,JOSÉ ANTONIO ENCINAS-PUNO
edu_name_object_108,150932368,JOSÉ CARLOS MARIÁTEGUI
edu_name_object_109,150751800,JOSE CRESPO Y CASTILLO
edu_name_object_110,151016328,JOSÉ EULOGIO GARRIDO ESPINOZA
edu_name_object_111,150622969,JOSÉ FAUSTINO SÁNCHEZ CARRIÓN
edu_name_object_112,150310656,JOSÉ JIMÉNEZ BORJA
edu_name_object_113,150575126,JOSÉ MARÍA ARGUEDAS-ANDAHUAYLAS
edu_name_object_114,150930057,JOSÉ MARÍA ARGUEDAS-AYMARAES
edu_name_object_115,150604371,JOSÉ SALVADOR CAVERO OVALLE
edu_name_object_116,150926840,JOSÉ SANTOS CHOCANO
edu_name_object_117,150276188,JUAN XXIII
edu_name_object_118,150713099,JUANA MORENO
edu_name_object_119,151027754,JULI
edu_name_object_120,150239970,JULIACA
edu_name_object_121,150891770,LA INMACULADA
edu_name_object_122,150207613,LA SALLE-ABANCAY
edu_name_object_123,150591909,LA SALLE-URUBAMBA
edu_name_object_124,150702902,LORETO
edu_name_object_125,150732370,MANUEL GONZALES PRADA
edu_name_object_126,151180769,MANUEL VEGAS CASTILLO
edu_name_object_127,150290924,MARCOS DURAN MARTEL
edu_name_object_128,151192830,MARÍA MADRE
edu_name_object_129,150567784,MERCEDES CABELLO DE CARBONERA
edu_name_object_130,150595090,MONSEÑOR ELÍAS OLÁZAR
edu_name_object_131,151157916,MONSEÑOR FRANCISCO GONZÁLEZ BURGA
edu_name_object_132,151124072,MONTERRICO
edu_name_object_133,150419937,NUESTRA SEÑORA DE LOURDES
edu_name_object_134,150453787,NUESTRA SEÑORA DE CHOTA
edu_name_object_135,150622936,NUESTRA SEÑORA DE LA ASUNCIÓN
edu_name_object_136,151113182,NUESTRA SEÑORA DE LAS MERCEDES
edu_name_object_137,150688341,NUESTRA SEÑORA DEL ROSARIO
edu_name_object_138,151028554,NUÑOA
edu_name_object_139,150611525,OCTAVIO MATTA CONTRERAS
edu_name_object_140,151227982,PEDRO MONGE CÓRDOVA
edu_name_object_141,150356972,PIURA
edu_name_object_142,150598367,POMABAMBA
edu_name_object_143,151061498,POMACANCHI
edu_name_object_144,150714725,PÚBLICO BAMBAMARCA
edu_name_object_145,150721951,PUBLICO CANGALLO
edu_name_object_146,150676312,PUBLICO DE LAMAS
edu_name_object_147,150623025,PUBLICO TAYABAMBA
edu_name_object_148,150926733,PUCARÁ
edu_name_object_149,150474320,PUNO
edu_name_object_150,150591859,PUQUIO
edu_name_object_151,150933218,QUILLABAMBA
edu_name_object_152,150926865,RAFAEL HOYOS RUBIO
edu_name_object_153,150453761,SAGRADO CORAZÓN DE JESÚS
edu_name_object_154,151065374,SAN JOSEMARÍA ESCRIVA
edu_name_object_155,151059245,SAN JUAN BAUTISTA
edu_name_object_156,150815084,SAN MARCOS
edu_name_object_157,150696385,SAN MIGUEL
edu_name_object_158,150759217,SANTA CRUZ
edu_name_object_159,150207597,SANTA ROSA
edu_name_object_160,150273979,TARAPOTO
edu_name_object_161,151109396,TEMBLADERA
edu_name_object_162,150697235,TEODORO PEÑALOZA
edu_name_object_163,150262311,TORIBIO RODRÍGUEZ DE MENDOZA
edu_name_object_164,150586669,TÚPAC AMARU
edu_name_object_165,150642348,VÍCTOR ANDRÉS BELAUNDE
edu_name_object_166,151396217,VIRGEN DE LA NATIVIDAD
edu_name_object_167,150931014,VIRGEN DEL CARMEN
edu_name_object_168,150666479,YARINACOCHA
edu_name_object_169,251141167,ABRAHAM VALDELOMAR
edu_name_object_170,251254739,ADA A. BYRON
edu_name_object_171,251243211,ALEXANDER FLEMING
edu_name_object_172,251066216,AMAUTA-LIMA
edu_name_object_173,250931550,AMAUTA-ESPINAR
edu_name_object_174,250928846,AMÉRICA-ABANCAY
edu_name_object_175,251067057,AMÉRICA-LIMA
edu_name_object_176,251029909,ANDRÉS BELLO
edu_name_object_177,251115328,ANTONIO RAIMONDI
edu_name_object_178,250933622,ARCO IRIS
edu_name_object_179,251123397,AUGUSTE RENOIR
edu_name_object_180,251141209,BALLESTAS
edu_name_object_181,250933168,BERNABÉ COBO
edu_name_object_182,251135292,CAJAMARCA
edu_name_object_183,251468610,CALIDAD EN REDES DE APRENDIZAJE- CREA
edu_name_object_184,251154210,CENIT GALEAZA
edu_name_object_185,251143536,CHILIMASA
edu_name_object_186,251461144,CIENCIA Y LIBERTAD
edu_name_object_187,251232891,CLARIDAD
edu_name_object_188,251140144,CUNA DE LA LIBERTAD AMERICANA
edu_name_object_189,251029669,DANTE NAVA
edu_name_object_190,251196336,DEL VALLE ZAÑA
edu_name_object_191,251386531,DIDASCALIO JESÚS MAESTRO
edu_name_object_192,251115088,DIEGO THOMPSON
edu_name_object_193,250931519,DIVINO MAESTRO
edu_name_object_194,251257013,DIVINO NIÑO
edu_name_object_195,251255629,DIVINO NIÑO JESÚS
edu_name_object_196,251101716,DON BOSCO
edu_name_object_197,251125764,EDUTEK-TACNA
edu_name_object_198,251029800,EDUTEK-SAN ROMAN
edu_name_object_199,251198019,EL NAZARENO
edu_name_object_200,251114131,ERIC BERNE
edu_name_object_201,251112044,ESTEBAN PAVLETICH
edu_name_object_202,251468594,EUROAMERICANO
edu_name_object_203,250911925,EXPERIMENTAL CATOLICO
edu_name_object_204,250898429,FEDERICO KAISER
edu_name_object_205,251026830,FERNANDO STAHLL
edu_name_object_206,251321769,HEADWAY COLLEGE
edu_name_object_207,250920264,HÉROES DE LA BREÑA
edu_name_object_208,251113224,HORACIO URTEAGA
edu_name_object_209,251029305,ISAAC NEWTON
edu_name_object_210,250920298,ISABEL LA CATÓLICA
edu_name_object_211,251124270,JESÚS DE NAZARETH
edu_name_object_212,251114362,JESÚS EL MAESTRO
edu_name_object_213,251272145,JESÚS MAESTRO
edu_name_object_214,250886572,JHALEBEP (ANTES JOSÉ MATÍAS MANZANILLA)
edu_name_object_215,250886556,JORGE BASADRE
edu_name_object_216,251114404,JOSÉ CARLOS MARIÁTEGUI
edu_name_object_217,251255389,JOSÉ CRISAM
edu_name_object_218,251115120,JOSÉ JIMÉNEZ BORJA
edu_name_object_219,251595495,JOSÉ LUIS BUSTAMANTE Y RIVERO
edu_name_object_220,250543355,JUAN DIEGO
edu_name_object_221,250920322,JUAN ENRIQUE PESTALOZZI
edu_name_object_222,251345081,JUAN PABLO VIZCARDO Y GUZMÁN
edu_name_object_223,251451608,JULCÁN
edu_name_object_224,250920363,KENNETH COOPER
edu_name_object_225,251394196,KONRAD ADENAHUER
edu_name_object_226,251450915,LA LIBERTAD-CHEPEN
edu_name_object_227,251174424,LIBERTAD
edu_name_object_228,251029313,LIBERTADOR JOSÉ DE SAN MARTÍN
edu_name_object_229,251468057,LOUIS BAUDIN
edu_name_object_230,250784561,MANUEL SANTANA CHIRI
edu_name_object_231,251172279,MARCELINO CHAMPAGNAT
edu_name_object_232,251115443,MARÍA AUXILIADORA
edu_name_object_233,250892109,MARÍA MONTESSORI
edu_name_object_234,251123249,MARIANNE FROSTIG
edu_name_object_235,251255587,MARYWOOD
edu_name_object_236,251468602,MUSEO DE ARTE DE LIMA
edu_name_object_237,251067131,NICOLÁS COPÉRNICO
edu_name_object_238,251114735,NUESTRA SEÑORA DE LA EVANGELIZACIÓN
edu_name_object_239,251027473,NUESTRA SEÑORA DE LOURDES
edu_name_object_240,251325794,NUESTRA SEÑORA DE FÁTIMA DIVINA PROVIDENCIA
edu_name_object_241,251174507,OXFORD
edu_name_object_242,251114701,PAKAMUROS
edu_name_object_243,251114446,PAULO FREIRE
edu_name_object_244,251192954,PAULO VI
edu_name_object_245,251158484,PERUANO CANADIENSE
edu_name_object_246,251192996,PERUANO DE LA CIENCIA Y LA CULTURA IPEC
edu_name_object_247,250928655,PUKLLASUNCHIS (RICARDO PALMA)
edu_name_object_248,251026806,RICARDO PALMA SORIANO
edu_name_object_249,251113729,SALESIANO
edu_name_object_250,251200591,SALESIANO DOMINGO SAVIO
edu_name_object_251,250691121,SAN CARLOS Y SAN MARCELO
edu_name_object_252,250920454,SAN JOSÉ-HUANCAYO
edu_name_object_253,251135300,SAN FRANCISCO DE ASÍS
edu_name_object_254,251125111,SAN JOSÉ-CAÑETE
edu_name_object_255,251066414,SAN JUAN BOSCO
edu_name_object_256,251114081,SAN MARCELO
edu_name_object_257,251067172,SAN MARCOS
edu_name_object_258,251124247,SAN SILVESTRE
edu_name_object_259,250933242,SANTA ANA
edu_name_object_260,251058551,SANTA ROSA
edu_name_object_261,251114321,SANTO DOMINGO
edu_name_object_262,251115138,SCHILLER GOETHE
edu_name_object_263,251421106,SEÑOR DE LOS MILAGROS
edu_name_object_264,250886564,SEÑOR DE LUREN
edu_name_object_265,251027093,SIMÓN BOLÍVAR
edu_name_object_266,251132703,TACABAMBA
edu_name_object_267,250934158,URIEL GARCÍA
edu_name_object_268,250607366,VÍCTOR ANDRÉS BELAUNDE - LIMA 
edu_name_object_269,251174580,VIRGEN DE LA PUERTA
edu_name_object_270,251245380,VIRGEN DEL CARMEN
edu_name_object_271,251256775,VON BRAUN
edu_name_object_272,141138270,24 DE JULIO DE ZARUMILLA
edu_name_object_273,140591941,4 DE JUNIO DE 1821
edu_name_object_274,141102763,9 DE MAYO
edu_name_object_275,240891598,ABACO - AREQUIPA
edu_name_object_276,240669317,ABACO - CHICLAYO
edu_name_object_277,241200856,ABACO - CUSCO
edu_name_object_278,241185909,ABACO - PIURA
edu_name_object_279,241174929,ABACO - TRUJILLO
edu_name_object_280,241115690,ABACO-LIMA
edu_name_object_281,140753962,ABANCAY
edu_name_object_282,241124528,ABC INFORMATICA
edu_name_object_283,241608090,ACCION COMUNITARIA
edu_name_object_284,241633668,ACIP
edu_name_object_285,141025279,ACORA
edu_name_object_286,241064443,ADA A. BYRON
edu_name_object_287,241468628,ADDIS
edu_name_object_288,241472273,ADMINISTRACION Y NEGOCIOS
edu_name_object_289,241468107,"ADMINISTRACION, NEGOCIOS Y FINANZAS - AFIBAN"
edu_name_object_290,140567313,ADOLFO VIENRICH
edu_name_object_291,241233030,ADUANEC
edu_name_object_292,241027549,ADVENTISTAS DEL TITICACA
edu_name_object_293,240892257,AGRARIO DEL SUR
edu_name_object_294,241345123,AGRONEGOCIOS DEL SUR
edu_name_object_295,140729533,AGUSTIN HAYA DE LA TORRE
edu_name_object_296,140681601,AIJA
edu_name_object_297,241424688,ALAS PERUANAS - CHINCHA
edu_name_object_298,241421114,ALAS PERUANAS - ICA
edu_name_object_299,241468206,ALAS PERUANAS - LIMA INSTITUTO DE ESTUDIOS EMPRESARIALES
edu_name_object_300,241186147,ALAS PERUANAS - PIURA 
edu_name_object_301,241239003,ALAS PERUANAS -AREQUIPA
edu_name_object_302,240898213,ALBERT EINSTEIN
edu_name_object_303,141160159,ALBERTO PUMAYALLA DIAZ 
edu_name_object_304,241114370,ALESSANDRO VOLTA
edu_name_object_305,241066737,ALEXANDER FLEMING
edu_name_object_306,241123603,ALEXANDER GRAHAM BELL
edu_name_object_307,141160175,ALEXANDER VON HUMBOLDT
edu_name_object_308,241123793,ALEXANDER VON HUMBOLDT 
edu_name_object_309,140636050,ALFRED NOBEL
edu_name_object_310,140815118,ALFREDO JOSE MARIA ROCHA ZEGARRA
edu_name_object_311,141327253,ALFREDO SARMIENTO PALOMINO
edu_name_object_312,141257369,ALIANZA RENOVADA ICHUÑA BELGICA
edu_name_object_313,140635995,ALMIRANTE MIGUEL GRAU
edu_name_object_314,241468354,ALTA COCINA D GALLIA
edu_name_object_315,141081116,ALTO HUALLAGA 
edu_name_object_316,140675850,ALTO MAYO
edu_name_object_317,241410166,ALTOS ESTUDIOS EMPRESARIALES E IDIOMAS - BS & L
edu_name_object_318,141065739,AMAUTA JULIO C. TELLO
edu_name_object_319,240605147,AMAUTA SEDE LIMA
edu_name_object_320,241024512,AMAUTA SEDE PUNO
edu_name_object_321,141153519,AMAZONAS - YURIMAGUAS
edu_name_object_322,241404953,AMAZONICO
edu_name_object_323,241313485,AMBROSSIA - CUSCO
edu_name_object_324,240570234,AMERICA
edu_name_object_325,241183714,AMERICAN INSTITUTE
edu_name_object_326,241249358,AMERICAN SYSTEM
edu_name_object_327,241528728,AMERICANA DE MADRE DE DIOS
edu_name_object_328,240934182,AMERICANA DEL CUSCO
edu_name_object_329,241530690,AMERICANO
edu_name_object_330,141369842,ANDABAMBA
edu_name_object_331,241124684,ANDRE VESALIO
edu_name_object_332,141026319,ANDRES AVELINO CACERES - SAN ANTONIO DE PUTINA- PUNO
edu_name_object_333,140697268,ANDRES AVELINO CACERES DORREGARAY - HUANCAYO
edu_name_object_334,241160134,ANDRES AVELINO CACERES DORREGARAY - PASCO
edu_name_object_335,140931022,ANTA
edu_name_object_336,141065135,ANTENOR ORREGO ESPINOZA
edu_name_object_337,240815142,ANTONIO LORENA
edu_name_object_338,240914358,ANTONIO RAIMONDI - CORONEL PORTILLO
edu_name_object_339,140905372,ANTONIO RAIMONDI - YUNGAY
edu_name_object_340,240815191,ANTONIO RAYMONDI - CUSCO
edu_name_object_341,140586628,APARICIO POMARES
edu_name_object_342,241351436,APOLO'S
edu_name_object_343,241389964,APU-RIMAC
edu_name_object_344,140337915,ARGENTINA
edu_name_object_345,241124767,ART NOUVEAU
edu_name_object_346,241114651,"ARTE, NEGOCIO Y TECNOLOGIA-ESANTEC"
edu_name_object_347,141065499,ARTURO SABROSO MONTOYA
edu_name_object_348,241066018,ARZOBISPO LOAYZA
edu_name_object_349,141167220,ASCOPE
edu_name_object_350,240702803,ASESORIA DE EMPRESAS COMERCIALES ADEC
edu_name_object_351,141314061,ASHANINKA
edu_name_object_352,140734103,ATALAYA
edu_name_object_353,241185743,ATENEO DEMOSTENES
edu_name_object_354,140757229,AUCARA
edu_name_object_355,241026533,AUGUSTO SALAZAR BONDY
edu_name_object_356,141058742,AURAHUA
edu_name_object_357,241468040,AVIA
edu_name_object_358,141180801,AYABACA
edu_name_object_359,140716779,AYAVIRI
edu_name_object_360,140745034,BAGUA
edu_name_object_361,140678433,BAMBAMARCA
edu_name_object_362,140760900,BELLAVISTA
edu_name_object_363,240780502,BENJAMIN FRANKLIN
edu_name_object_364,241123710,BETA COMPUTER
edu_name_object_365,241528603,BILL GATES
edu_name_object_366,241003763,BITEC
edu_name_object_367,241124379,BLAISE PASCAL
edu_name_object_368,241528587,BLUE RIBBON INTERNATIONAL CUSCO
edu_name_object_369,140724500,BOLIVAR
edu_name_object_370,241124627,BORJE LANGEFORDS
edu_name_object_371,241351964,BOULANGER
edu_name_object_372,241351576,BUENAVENTURA MESTANZA MORI
edu_name_object_373,141316520,CABANA
edu_name_object_374,140606541,CAJAMARCA
edu_name_object_375,241351972,CAMISEA
edu_name_object_376,141016401,CANCHAQUE
edu_name_object_377,240931543,CANCHIS
edu_name_object_378,140736256,CANIPACO
edu_name_object_379,141232610,CANTA
edu_name_object_380,141065531,CAÑETE
edu_name_object_381,140510784,CAP FAP JOSE ABELARDO QUIÑONES 
edu_name_object_382,141101633,CARHUAZ
edu_name_object_383,241236843,CARLOS AUGUSTO SALAVERRY RAMIREZ
edu_name_object_384,141065572,CARLOS CUETO FERNANDINI
edu_name_object_385,141604206,CARLOS LABORDE
edu_name_object_386,140815092,CARLOS MALPICA RIVAROLA
edu_name_object_387,140359729,CARLOS SALAZAR ROMERO
edu_name_object_388,241062371,CASA TALLER MEDIO AMBIENTE Y DESARROLLO
edu_name_object_389,140891804,CASTILLA
edu_name_object_390,141058155,CASTROVIRREYNA
edu_name_object_391,140563619,CATALINA BUENDIA DE PECHO
edu_name_object_392,240815159,CATOLICA DE CUSCO
edu_name_object_393,240695445,CAYETANO HEREDIA - AREQUIPA
edu_name_object_394,240702894,CAYETANO HEREDIA -CHICLAYO
edu_name_object_395,240605188,CAYETANO HEREDIA DE LIMA
edu_name_object_396,241387349,CCAPAC
edu_name_object_397,141385095,CEFOP CAJAMARCA
edu_name_object_398,241385079,CEFOP LA LIBERTAD
edu_name_object_399,241231877,CELACIT-LATINOAMERICANO DE CIENCIAS Y TECNOLOGIA
edu_name_object_400,241351501,CELENDIN
edu_name_object_401,241315647,CENFOMIN - CENTRO DE FORMACION EN MINERIA
edu_name_object_402,141124601,CENFOTUR-CENTRO DE FORMACION EN TURISMO
edu_name_object_403,241123447,CENTRO DE ALTOS ESTUDIOS DE LA MODA - CEAM 
edu_name_object_404,241203132,CENTRO DE ESTUDIOS DE ALTA MONTAÑA
edu_name_object_405,241595438,CENTRO DE FORMACION AGRICOLA - TACNA
edu_name_object_406,141355692,CENTRO DE FORMACION AGRICOLA MOQUEGUA
edu_name_object_407,141206630,CENTRO DE FORMACION PROFESIONAL BINACIONAL
edu_name_object_408,241302629,CENTRO DE INSTRUCCION DE AVIACION CIVIL CORPAC
edu_name_object_409,241468222,CENTRO DE INVESTIGACION PARA EL DESARROLLO TECNOLOGICO-CIDET
edu_name_object_410,241114487,CENTRO DE INVESTIGACION Y CAPACITACION TECNOLOGICA-CICAT 
edu_name_object_411,241468149,CENTRO DE LA IMAGEN
edu_name_object_412,241249598,CENTRO DE PROMOCIÓN RURAL E INTEGRAL-CEPRORUI
edu_name_object_413,241367135,CENTRO DE PSICOTERAPIA PSICOANALITICA DE LIMA
edu_name_object_414,241468214,CENTRO PERUANO DE ESTUDIOS BANCARIOS-CEPEBAN
edu_name_object_415,241153550,CEPEA-ALTO AMAZONAS
edu_name_object_416,240702696,CEPEA-LIMA
edu_name_object_417,140697979,CESAR AUGUSTO GUARDIA MAYORGA
edu_name_object_418,240695486,CESCA AREQUIPA
edu_name_object_419,241115609,CESCA-LIMA
edu_name_object_420,241140227,CESDE (CENTRO DE ENSEÑANZA SUPERIOR PARA EL DESARROLLO)
edu_name_object_421,241468081,CESSAG
edu_name_object_422,241528736,CETURGH PERU
edu_name_object_423,241468396,CEVATEC-LIMA
edu_name_object_424,241320027,CEVATUR - IQUITOS
edu_name_object_425,241203553,CEVATUR- AREQUIPA
edu_name_object_426,240814657,CEVATUR ICA
edu_name_object_427,240702688,CEVATUR PERU
edu_name_object_428,241175009,CEVATUR TRUJILLO
edu_name_object_429,241183391,CEVATUR-CHICLAYO ( ALTOS ESTUDIOS TURISTICOS)
edu_name_object_430,240921866,CEVATUR-HUANCAYO
edu_name_object_431,141384478,CHACAS
edu_name_object_432,141203520,CHALA
edu_name_object_433,141365865,CHALAMARCA
edu_name_object_434,141328970,CHALHUAHUACHO
edu_name_object_435,140930024,CHALHUANCA
edu_name_object_436,241239466,CHAMINADE MARIANISTAS
edu_name_object_437,240393702,CHAN CHAN
edu_name_object_438,141124957,CHANCAY
edu_name_object_439,241185784,CHARLES ASHBEE
edu_name_object_440,241115419,CHARLES CHAPLIN
edu_name_object_441,240702811,CHICLAYO
edu_name_object_442,141412212,CHILLIA
edu_name_object_443,140517664,CHINCHA
edu_name_object_444,241391721,CHIO LECCA
edu_name_object_445,140757211,CHIPAO
edu_name_object_446,140723841,CHOCOPE
edu_name_object_447,141391747,CHOJATA
edu_name_object_448,140814871,CHONGOYAPE
edu_name_object_449,140678425,CHOTA
edu_name_object_450,241195676,CHRISTIAN BARNARD-CALLAO
edu_name_object_451,240921767,CHRISTIAN BARNARD-CONCEPCION
edu_name_object_452,141390004,CHUPA
edu_name_object_453,141375310,CHUPACA
edu_name_object_454,140815068,CHUQUIBAMBA
edu_name_object_455,140803908,CHURCAMPA
edu_name_object_456,241305556,CIBERNET UTCUBAMBA
edu_name_object_457,241182823,CIBERNET-CHICLAYO
edu_name_object_458,241612753,CIBERNETICA Y TECNOLOGÍA
edu_name_object_459,241123314,CIBERTEC
edu_name_object_460,241395185,"CIENCIA, TECNOLOGIA Y DEPORTE-CITED"
edu_name_object_461,241600469,CIENCIAS DE LA SALUD
edu_name_object_462,240695460,CIENCIAS TECNOLOGICAS DE AREQUIPA
edu_name_object_463,240724518,CIMA
edu_name_object_464,240898452,CIMAC DEL SUR
edu_name_object_465,241027622,CIPRODA
edu_name_object_466,241124338,CIRO ALEGRIA
edu_name_object_467,141158385,CIUDAD ETEN
edu_name_object_468,140932384,CLORINDA MATTO DE TURNER
edu_name_object_469,140817510,COLONIA DEL CACO
edu_name_object_470,241113778,COLUMBIA
edu_name_object_471,241232735,COMPLEJO HOSPITALARIO SAN PABLO
edu_name_object_472,241222041,COMPUTER G & L
edu_name_object_473,241421759,COMPUTER MASTER
edu_name_object_474,241635317,COMPUTRON CAJAMARCA
edu_name_object_475,241114974,COMPUTRON -LIMA
edu_name_object_476,241345107,COMPUTRONIC TECH-AREQUIPA
edu_name_object_477,241065937,COMPUTRONIC TECH-LIMA
edu_name_object_478,241124353,CONDORAY
edu_name_object_479,140803981,CONTAMANA
edu_name_object_480,240736272,CONTINENTAL
edu_name_object_481,141144450,CONTRALMIRANTE MANUEL VILLAR OLIVERA
edu_name_object_482,141302363,COPACABANA
edu_name_object_483,241114214,CORAZON DE JESUS
edu_name_object_484,241464320,CORRIENTE ALTERNA
edu_name_object_485,241350651,CREA E INNOVA - INSTITUTO DE EMPRENDEDORES
edu_name_object_486,241162841,CRISTO REY
edu_name_object_487,241380336,CUMBRE
edu_name_object_488,140815217,CURAHUASI
edu_name_object_489,140691691,CUTERVO
edu_name_object_490,241355684,DAITEC
edu_name_object_491,141145309,DAMASO LABERGE
edu_name_object_492,140659003,DANIEL ALCIDES CARRION-DANIEL ALCIDES CARRION
edu_name_object_493,240466425,DANIEL ALCIDES CARRION-LIMA
edu_name_object_494,140665984,DANIEL VILLAR
edu_name_object_495,241117670,DATA SYSTEMS INGENIEROS
edu_name_object_496,241224807,DE ADMINISTRACION GERENCIAL - ISAG-CHICLAYO
edu_name_object_497,241206523,DE ADMINISTRACION GERENCIAL ISAG-PIURA
edu_name_object_498,241355643,DE ADMINISTRACION Y PROMOTORIA EMPRESARIAL - INAPE 
edu_name_object_499,241158807,DE ALTA DIRECCION DE EMPRESAS HISPANO-AMERICANA
edu_name_object_500,241350644,DE ARTES VISUALES EDITH SACHS
edu_name_object_501,241272038,DE AVANCE TECNOLÓGICO Y CIENTÍFICO-ISATEC
edu_name_object_502,141025089,DE CABANILLAS
edu_name_object_503,140723775,DE CASMA
edu_name_object_504,141331503,DE CHINCHEROS
edu_name_object_505,141367127,DE CHIRINOS
edu_name_object_506,241321942,DE CIENCIAS DE LA INFORMACION
edu_name_object_507,241175082,DE CIENCIAS-INTEC (HIPOLITO UNANUE)
edu_name_object_508,241123918,DE COMERCIO EXTERIOR
edu_name_object_509,140920736,DE CONCEPCION
edu_name_object_510,241468578,DE DIRECCION INTERMEDIA CAME
edu_name_object_511,241124486,DE DISEÑO PUBLICITARIO LEO DESIGN
edu_name_object_512,141147669,DE EL ESTRECHO-RIO PUTUMAYO
edu_name_object_513,241526045,DE EMPRENDEDORES-LIMA
edu_name_object_514,140783282,DE ESPINAR
edu_name_object_515,241414010,DE FORMACION BANCARIA - AREQUIPA 
edu_name_object_516,241390392,DE FORMACION BANCARIA - CHICLAYO 
edu_name_object_517,241123405,DE FORMACION BANCARIA IFB
edu_name_object_518,241213172,DE FORMACION EMPRESARIAL EN COMPUTACION E INFORMATICA - ITEC
edu_name_object_519,241355528,DE GASTRONOMIA LE CUISINIER 
edu_name_object_520,241468511,DE GASTRONOMIA MARCELINO PAN Y VINO
edu_name_object_521,140760843,DE HUALLAGA
edu_name_object_522,140723783,DE HUARMEY
edu_name_object_523,241325786,DE INTEGRACION INTERNACIONAL - INTER
edu_name_object_524,241323260,DE INVESTIGACIONES INDUSTRIALES
edu_name_object_525,241114206,DE LA CLINICA RICARDO PALMA-LIMA
edu_name_object_526,241355650,DE LA CLINICA RICARDO PALMA - SEDE CALLAO
edu_name_object_527,241066778,DE LA CONSTRUCCION - CAPECO
edu_name_object_528,141032440,DE LA JOYA
edu_name_object_529,140911891,DE LLAMELLIN
edu_name_object_530,241115179,DE LOS ANDES-LIMA
edu_name_object_531,141126457,DE LOS ANDES-MARISCAL NIETO
edu_name_object_532,241124114,DE MARKETING DEL PERU
edu_name_object_533,241440841,DE MODA Y DISEÑO MAD
edu_name_object_534,241123561,DE OPTOMETRIA Y CIENCIAS EUROHISPANO
edu_name_object_535,140684654,DE PISCOBAMBA
edu_name_object_536,141380351,DE PROGRESO
edu_name_object_537,241364686,DE SALUD ALBERTO BARTON THOMPSOM
edu_name_object_538,241472281,DE SALUD FELICIANO RODRIGUEZ CRUZ
edu_name_object_539,241115286,DE TECNICAS AGROPECUARIAS-INTAP
edu_name_object_540,241468321,DE TELEMATICA GAUSS DATA VIRTUAL
edu_name_object_541,241468313,DE TEXTILERIA Y COMERCIO - ITC 
edu_name_object_542,241571314,DE TURISMO DE PUNO
edu_name_object_543,241571504,DE TURISMO SAN LUIS DE ALBA
edu_name_object_544,141029297,DE YUNGUYO
edu_name_object_545,241024553,DEL ALTIPLANO
edu_name_object_546,241364694,DEL CUSCO - ANTA
edu_name_object_547,241206754,DEL NOR OESTE
edu_name_object_548,240702456,DEL NORTE S.A.C.
edu_name_object_549,241191030,DEL ORIENTE
edu_name_object_550,241000777,DEL SANTA
edu_name_object_551,240815001,DEL SUR
edu_name_object_552,141029404,DESAGUADERO
edu_name_object_553,241126606,DETECSUR 
edu_name_object_554,241061407,DIDASCALIO CRISTO REY
edu_name_object_555,140337931,DISEÑO Y COMUNICACION
edu_name_object_556,241064476,DIVINA MISERICORDIA
edu_name_object_557,241101674,DON BOSCO
edu_name_object_558,141158922,EDILBERTO RIVAS VASQUEZ
edu_name_object_559,241468636,EDUCACION MEDICA SAN FERNANDO 
edu_name_object_560,241448182,EDUCACION PARA EL DESARROLLO
edu_name_object_561,241223882,EDUCACION Y SOLIDARIDAD
edu_name_object_562,241213255,EDUTEC
edu_name_object_563,241351485,EDUTEC-INSTITUTO DE FORMACION EMPRESARIAL
edu_name_object_564,241114560,EL BUEN PASTOR
edu_name_object_565,141351543,EL DESCANSO
edu_name_object_566,141590868,EL DORADO
edu_name_object_567,141335744,EL MILAGRO
edu_name_object_568,241460492,EL PACIFICO
edu_name_object_569,241123686,ELA
edu_name_object_570,140584672,ELEAZAR GUZMAN BARRON
edu_name_object_571,240891531,ELMER FAUCETT-AREQUIPA
edu_name_object_572,241123033,ELMER FAUCETT-LIMA
edu_name_object_573,241147180,EMILIO ROMERO PADILLA
edu_name_object_574,241183284,ENRIQUE HANZ BRUNNING
edu_name_object_575,141158914,ENRIQUE LOPEZ ALBUJAR
edu_name_object_576,141390608,ENRIQUE PABLO MEJIA TUPAYACHI
edu_name_object_577,140724492,ERASMO ARELLANO GUILLEN
edu_name_object_578,240891440,ESADE COMPUTER CENTER MIGUEL GRAU
edu_name_object_579,241193093,ESCUELA DE NEGOCIOS Y DESARROLLO GERENCIAL
edu_name_object_580,141114412,ESCUELA NACIONAL DE ARCHIVEROS
edu_name_object_581,241064922,ESCUELA SUPERIOR PARTICULAR DE ADMINISTRACION RURAL - LUIS FELIPE MASSARO GATNAU
edu_name_object_582,241123041,ESCUELA SUPERIOR PRIVADA DE TECNOLOGIA SENATI
edu_name_object_583,241345099,ESDIT 
edu_name_object_584,241114123,ESEFUL 
edu_name_object_585,241386937,ESITUR INTERNATIONAL
edu_name_object_586,241525856,ESIVI
edu_name_object_587,241385574,ESSUMIN
edu_name_object_588,240886580,ESTUDIOS SUPERIORES DEL SUR
edu_name_object_589,240758276,EUGENIO PACCELLY
edu_name_object_590,241123116,EUROIDIOMAS
edu_name_object_591,241468305,EXPRO - EXCELENCIA PROFESIONAL
edu_name_object_592,140815050,FAUSTINO B. FRANCO
edu_name_object_593,141187830,FEDERICO GONZALES CABEZUDO
edu_name_object_594,141219146,FEDERICO URANGA
edu_name_object_595,241425057,FEDERICO VILLARREAL - CHINCHA
edu_name_object_596,240607325,FEDERICO VILLARREAL-LIMA
edu_name_object_597,140696047,FELIPE ALVA Y ALVA
edu_name_object_598,140698167,FELIPE HUAMAN POMA DE AYALA
edu_name_object_599,241119577,FELIX DE LA ROSA REATEGUI Y GAVIRIA
edu_name_object_600,241141282,FERMIN TANGUIS
edu_name_object_601,141550789,FERNANDO BELAUNDE TERRY
edu_name_object_602,140886499,FERNANDO LEON DE VIVERO
edu_name_object_603,141150861,FERNANDO LORES TENAZOA
edu_name_object_604,241536663,FIBONACCI
edu_name_object_605,240892315,FLAVISUR
edu_name_object_606,241182625,FLORENCE NIGHTINGALE
edu_name_object_607,140758094,FLORENCIA DE MORA
edu_name_object_608,241469931,FRANCIS COLLINS
edu_name_object_609,241125848,FRANCISCO ANTONIO DE ZELA
edu_name_object_610,140551317,FRANCISCO DE PAULA GONZALES VIGIL
edu_name_object_611,241450949,FRANCISCO RICCI
edu_name_object_612,141081157,FRANCISCO VIGO CABALLERO
edu_name_object_613,240920579,FRANKLIN ROOSEVELT-HUANCAYO
edu_name_object_614,241066257,FRANKLIN ROOSEVELT-LIMA
edu_name_object_615,240702761,FREDERICK WINSLOW TAYLOR
edu_name_object_616,241389998,FUTURO DEL SUR-EL CARMEN
edu_name_object_617,241469956,GABRIELA PORTO DE POWER
edu_name_object_618,241060979,GALENO
edu_name_object_619,241468586,GASTROTUR PERU
edu_name_object_620,140605717,GENERAL OSCAR ARTETA TERZI
edu_name_object_621,241366574,GENOVA
edu_name_object_622,241351592,GESTION & SALUD
edu_name_object_623,140705012,GILDA LILIANA BALLIVIAN ROSADO
edu_name_object_624,141177336,GLICERIO GOMEZ IGARZA
edu_name_object_625,241350636,GLOBAL INSTITUTE
edu_name_object_626,241544121,GRAN BOLIVAR
edu_name_object_627,240909697,GRAN CHAVIN
edu_name_object_628,140690966,GUADALUPE
edu_name_object_629,241125889,GUILLERMO ALMENARA MARTINS
edu_name_object_630,140766766,GUSTAVO EDUARDO LANATTA LUJAN
edu_name_object_631,141328988,HAQUIRA
edu_name_object_632,141142108,HATUN SORAS
edu_name_object_633,141165349,HECTOR VASQUEZ JIMENEZ
edu_name_object_634,140719674,HERMANOS CARCAMO
edu_name_object_635,140930230,HERMENEGILDO MIRANDA SEGOVIA
edu_name_object_636,141214147,HEROES DE SIERRA LUMI
edu_name_object_637,241412469,HESSEN
edu_name_object_638,241450907,HIPOCRATES
edu_name_object_639,240891622,HIPOLITO UNANUE-AREQUIPA
edu_name_object_640,240416123,HIPOLITO UNANUE-HUARAZ
edu_name_object_641,241124296,HIPOLITO UNANUE-SAN MARTIN
edu_name_object_642,140695429,HONORIO DELGADO ESPINOZA
edu_name_object_643,141331628,HUACCANA
edu_name_object_644,140734731,HUAMACHUCO
edu_name_object_645,141025691,HUANCANE
edu_name_object_646,140688051,HUANCAVELICA
edu_name_object_647,240814699,HUANCAYO
edu_name_object_648,240814285,HUANDO
edu_name_object_649,140671107,HUANTA
edu_name_object_650,241225135,HUANUCO
edu_name_object_651,140532226,HUARMACA
edu_name_object_652,141065291,HUAYCAN
edu_name_object_653,241066695,HUGO PESCE PESCETTO
edu_name_object_654,241115203,HUMBERTO CAUWE
edu_name_object_655,140934638,IBERIA-TAHUAMANU
edu_name_object_656,240892281,IBEROAMERICANO
edu_name_object_657,241469964,IBEROTEC
edu_name_object_658,241185701,IDAT - PIURA 
edu_name_object_659,241528751,IDAT - TARAPOTO
edu_name_object_660,241159680,IDAT CHICLAYO
edu_name_object_661,240702704,IDAT-LIMA
edu_name_object_662,241124163,IDATUR
edu_name_object_663,241062496,IGATUR
edu_name_object_664,141027085,ILAVE
edu_name_object_665,141195890,ILLIMO
edu_name_object_666,241236926,ILP LA PONTIFICIA
edu_name_object_667,241434166,INFONET
edu_name_object_668,241210640,"INFORMÁTICA, COMPUTACIÓN Y CIENCIAS EMPRESARIALES - ICCE"
edu_name_object_669,241101880,INFOTRONIC
edu_name_object_670,241232131,INGENIERO CARLOS LISSON BEINGOLEA
edu_name_object_671,141391739,INMACULADA CONCEPCION
edu_name_object_672,241115682,INSTITUTO CIENTIFICO TECNOLOGICO DEL PERU - INCITEP
edu_name_object_673,241175124,INSTITUTO DE ADMINISTRACION Y CONTABILIDAD IDAC
edu_name_object_674,241248756,INSTITUTO DE DESARROLLO EMPRESARIAL Y ADMINISTRATIVO-IDEA
edu_name_object_675,241528579,INSTITUTO DE FORMACION MINERA DEL PERU
edu_name_object_676,241468131,INSTITUTO DE FORMACION Y ASESORAMIENTO PROFESIONAL - INFAP NOTRE DAME
edu_name_object_677,241249234,INSTITUTO DE INVESTIGACION SOCIOECONOMICO LATINOAMERICANO - ISEL
edu_name_object_678,241468347,INSTITUTO DE PROFESIONES EMPRESARIALES - INTECI
edu_name_object_679,240702365,INSTITUTO PERUANO DE ADMINISTRACION DE EMPRESAS - IPAE-LIMA
edu_name_object_680,241317619,INSTITUTO PERUANO DE ADMINISTRACION DE EMPRESAS IPAE-AREQUIPA
edu_name_object_681,241351477,INSTITUTO PERUANO DE ADMINISTRACION DE EMPRESAS IPAE-CHICLAYO
edu_name_object_682,241314400,INSTITUTO PERUANO DE ADMINISTRACION DE EMPRESAS IPAE-ICA
edu_name_object_683,241320035,INSTITUTO PERUANO DE ADMINISTRACION DE EMPRESAS IPAE-IQUITOS
edu_name_object_684,241616788,INSTITUTO PERUANO DE ADMINISTRACION DE EMPRESAS IPAE-PIURA
edu_name_object_685,241115880,INSTITUTO PERUANO DE PUBLICIDAD
edu_name_object_686,241127240,INSTITUTO SUPERIOR DE ADMINISTRACION Y DIRECCION DE EMPRESAS - ISADE
edu_name_object_687,240702571,INSTITUTO TECNICO DE ADMINISTRACION DE EMPRESAS-ITAE
edu_name_object_688,241437383,INTER EXPRESS
edu_name_object_689,241445766,INTERAMERICANO
edu_name_object_690,241066935,INTERNACIONAL
edu_name_object_691,241468297,INTERNATIONAL AMERICAN COLLEGE HEADWAY COLLEGE
edu_name_object_692,241236884,INTERNATIONAL AMERICAN COLLEGE I.A.C. 
edu_name_object_693,240920637,INTERNATIONAL SYSTEM
edu_name_object_694,241123439,INTERPRETACION Y TRADUCCION DE LIMA
edu_name_object_695,241468123,IPEMEC 
edu_name_object_696,240695510,IPSIDATA
edu_name_object_697,241460633,ISA CHICLAYO
edu_name_object_698,241185982,ISA INTEGRAL 
edu_name_object_699,241111921,ISABEL LA CATOLICA-HUANUCO
edu_name_object_700,241236769,ISABEL LA CATOLICA-PIURA
edu_name_object_701,241350669,ISHOTUR
edu_name_object_702,241328236,ISTEPSA
edu_name_object_703,241231893,JACQUELINE
edu_name_object_704,141102722,JAIME CERRON PALOMINO
edu_name_object_705,140787325,JATUM YAUYOS
edu_name_object_706,240794602,JAVIER PRADO
edu_name_object_707,141175223,JAVIER PULGAR VIDAL
edu_name_object_708,241182666,JESUS DIVINO
edu_name_object_709,240886523,JHALEBET
edu_name_object_710,140721688,JOAQUIN REATEGUI MEDINA
edu_name_object_711,241248830,JOHN A. MACKAY
edu_name_object_712,241250281,JOHN DEWEY 
edu_name_object_713,241445709,JOHN F. KENNEDY
edu_name_object_714,241126002,JOHN VON NEUMANN
edu_name_object_715,141116177,JORGE BASADRE - ISLAY
edu_name_object_716,141128156,JORGE BASADRE GROHMAN - TAMBOPATA
edu_name_object_717,240493791,JORGE CHAVEZ
edu_name_object_718,140803072,JORGE DESMAISON SEMINARIO
edu_name_object_719,241162726,JOSAFAT ROEL PINEDA
edu_name_object_720,140481218,JOSE ANTONIO ENCINAS 
edu_name_object_721,140696039,JOSE ARNALDO SABOGAL DIEGUEZ
edu_name_object_722,140481093,JOSE CARLOS MARIATEGUI - MARISCAL NIETO
edu_name_object_723,241180884,JOSE CARLOS MARIATEGUI-TALARA
edu_name_object_724,241249473,JOSE CRISAM
edu_name_object_725,141385426,JOSE DOMINGO CHOQUEHUANCA
edu_name_object_726,241065895,JOSE FELIX IGUAIN
edu_name_object_727,140920116,JOSE MARIA ARGUEDAS - HUANCAYO
edu_name_object_728,141145713,JOSE MARIA ARGUEDAS - LUCANAS
edu_name_object_729,140450114,JOSE PARDO
edu_name_object_730,241124593,JOSE SANTOS CHOCANO
edu_name_object_731,241221035,JUAN BOSCO DE HUANUCO
edu_name_object_732,141206671,JUAN ESTEBAN LOPEZ CRUZ
edu_name_object_733,140681619,JUAN HUARIN
edu_name_object_734,141180363,JUAN JOSE FARFAN CESPEDES
edu_name_object_735,241183243,JUAN MEJIA BACA 
edu_name_object_736,141065010,JUAN VELASCO ALVARADO
edu_name_object_737,241407154,JUANA MARIA CONDESA
edu_name_object_738,240846709,JUANJUI
edu_name_object_739,140630467,JULI
edu_name_object_740,140623082,JULIO CESAR TELLO
edu_name_object_741,240815175,KHIPU
edu_name_object_742,141359033,KIMBIRI
edu_name_object_743,240356949,KOSMOS
edu_name_object_744,141280668,LA CANTUTA
edu_name_object_745,241114685,LA CATOLICA LIMA NORTE
edu_name_object_746,241183326,LA CATOLICA-CHICLAYO
edu_name_object_747,241351519,LA CATOLICA-CHOTA
edu_name_object_748,241468644,LA FLORIDA DEL INCA
edu_name_object_749,140814723,LA MERCED
edu_name_object_750,140798090,LA OROYA
edu_name_object_751,241204759,LA PONTIFICIA-ANDAHUAYLAS
edu_name_object_752,241140185,LA PONTIFICIA-HUAMANGA
edu_name_object_753,240745687,LA RECOLETA
edu_name_object_754,140520197,LA SALLE
edu_name_object_755,140719807,LA UNION
edu_name_object_756,141148113,LAGUNAS
edu_name_object_757,141172436,LAREDO
edu_name_object_758,241000785,LATINOAMERICANO-SANTA
edu_name_object_759,241244458,LATINOAMERICANO-TRUJILLO
edu_name_object_760,241385509,LATINO-CUSCO
edu_name_object_761,241067099,LATINO-LIMA
edu_name_object_762,241124569,LATINO-SAN JUAN
edu_name_object_763,241233253,LE CORDON BLEU PERU
edu_name_object_764,241395193,LE GOURMET DEL PERU
edu_name_object_765,241468651,LE GRAND GOURMET
edu_name_object_766,241444876,LEONARDO DA VINCI-COMPUMATIC-TRUJILLO
edu_name_object_767,141539543,LEONIDAS LOPEZ CHICAE
edu_name_object_768,140814798,LIBERTAD - PATAZ
edu_name_object_769,241250257,LIBERTADOR
edu_name_object_770,241175207,LIBERTAD-TRUJILLO
edu_name_object_771,241528595,LIDERES
edu_name_object_772,240332510,LIMA
edu_name_object_773,241123769,LINCOLN
edu_name_object_774,141403559,LIRCAY
edu_name_object_775,141180843,LIZARDO MONTERO FLORES
edu_name_object_776,140767467,LONYA GRANDE
edu_name_object_777,241126135,LORD BYRON
edu_name_object_778,240702472,LOS LIBERTADORES
edu_name_object_779,241317650,LOS LIDERES
edu_name_object_780,141530971,LOS MOROCHUCOS
edu_name_object_781,241174960,LOUIS PASTEUR-TRUJILLO
edu_name_object_782,141180561,LUCIANO CASTILLO COLONNA
edu_name_object_783,241393818,LUCRECIA PRADO VARGAS
edu_name_object_784,140680959,LUIS E VALCARCEL
edu_name_object_785,141180686,LUIS F. AGURTO OLAYA
edu_name_object_786,140752469,LUIS FELIPE DE LAS CASAS GRIEVE
edu_name_object_787,240911768,LUIS LUMIERE
edu_name_object_788,141065176,LUIS NEGREIROS VEGA
edu_name_object_789,240815183,LUIS PASTEUR-CUSCO
edu_name_object_790,141355676,LURIN
edu_name_object_791,141167923,MACHE
edu_name_object_792,141024785,MACUSANI
edu_name_object_793,241390434,MADRE DEL AMOR HERMOSO
edu_name_object_794,241232214,MADRE JOSEFINA VANNINI
edu_name_object_795,141249077,MAGDA PORTAL - CIENEGUILLA
edu_name_object_796,141149459,MANOS UNIDAS
edu_name_object_797,140934570,MANU
edu_name_object_798,141198217,MANUEL ANTONIO HIERRO POZO
edu_name_object_799,141065655,MANUEL AREVALO CACERES
edu_name_object_800,140660936,MANUEL GONZALES PRADA
edu_name_object_801,141155860,MANUEL JESUS DIAZ MURRUGARRA
edu_name_object_802,240709550,MANUEL MESONES MURO - MASTER SYSTEM
edu_name_object_803,140481226,MANUEL NUÑEZ BUTRON
edu_name_object_804,141060110,MANUEL SCORZA TORRE
edu_name_object_805,141064971,MANUEL SEOANE CORRALES
edu_name_object_806,141016484,MANUEL YARLEQUE ESPINOZA
edu_name_object_807,141276492,MAÑAZO
edu_name_object_808,140814749,MARCO
edu_name_object_809,241065770,MARIA DE LOS ANGELES CIMAS
edu_name_object_810,241123926,MARIA ELENA MOYANO
edu_name_object_811,240745679,MARIA MONTESSORI
edu_name_object_812,241140268,MARIA PARADO DE BELLIDO-HUAMANGA
edu_name_object_813,241124411,MARIA PARADO DE BELLIDO-SAN MARTIN
edu_name_object_814,140478412,MARIA ROSARIO ARAOZ PINTO
edu_name_object_815,141417203,MARIANO BONIN
edu_name_object_816,241135334,MARIANO IBERICO RODRIGUEZ
edu_name_object_817,140920769,MARIO GUTIERREZ LOPEZ
edu_name_object_818,241582196,MARIO SAMAME BOGGIO
edu_name_object_819,241126549,MARISCAL DOMINGO NIETO
edu_name_object_820,140721696,MARISCAL RAMON CASTILLA
edu_name_object_821,141122308,MASISEA
edu_name_object_822,241124205,MASTER BYTE
edu_name_object_823,241351451,MASTER'S
edu_name_object_824,241468362,MATRIX 
edu_name_object_825,140713305,MAX PLANCK
edu_name_object_826,241183409,MAYSA
edu_name_object_827,241115658,MEGATRONIC 
edu_name_object_828,140936708,MESETA DE BOMBON
edu_name_object_829,240702423,METROPOLITANO
edu_name_object_830,240920694,MI PERU
edu_name_object_831,141065051,MISIONEROS MONFORTIANOS
edu_name_object_832,241143023,MODERN SYSTEMS
edu_name_object_833,140790758,MONSEFU
edu_name_object_834,140797126,MONSEÑOR JULIO GONZALES RUIZ
edu_name_object_835,241115492,MONTESSORI
edu_name_object_836,141208073,MORROPON
edu_name_object_837,140669549,MOTUPE
edu_name_object_838,241391713,MOYOBAMBA
edu_name_object_839,241528181,MUCHIK
edu_name_object_840,141025824,MUÑANI
edu_name_object_841,140332361,NACIONES UNIDAS 
edu_name_object_842,140713339,NARANJILLO
edu_name_object_843,141042571,NARCISO VILLANUEVA MANZO
edu_name_object_844,141116557,NASCA
edu_name_object_845,241026541,NAZARET
edu_name_object_846,140674622,NESTOR SAMUEL MARTOS GARRIDO
edu_name_object_847,141614262,NICANOR MUJICA ALVAREZ CALDERON
edu_name_object_848,241066091,NICOLAS COPERNICO 
edu_name_object_849,241113851,NINA DESIGN
edu_name_object_850,140521682,NOR ORIENTAL DE LA SELVA
edu_name_object_851,241114339,NORBERT WIENER
edu_name_object_852,241469949,NORMEDIC - CAJAMARCA
edu_name_object_853,241248954,NUESTRA SEÑORA DE MONTSERRAT
edu_name_object_854,240605238,NUESTRA SEÑORA DEL CARMEN-LIMA
edu_name_object_855,241179191,NUESTRA SEÑORA DEL CARMEN-TALARA
edu_name_object_856,249062610,NUESTRO SEÑOR DE HUAMANTANGA
edu_name_object_857,241328046,NUEVA AMERICA
edu_name_object_858,140622365,NUEVA ESPERANZA
edu_name_object_859,241210699,NUEVA TECNOLOGIA EDUCATIVA-NOVATEC
edu_name_object_860,241351584,NUEVO MILENIO
edu_name_object_861,141348697,NUEVO OCCORO
edu_name_object_862,241316637,NUEVO PACHACUTEC
edu_name_object_863,140669515,OLMOS
edu_name_object_864,141127349,OMATE
edu_name_object_865,241115807,OPTICA Y OPTOMETRIA
edu_name_object_866,241115849,ORSON WELLES
edu_name_object_867,241123470,ORVAL
edu_name_object_868,240737544,OTTO TONSMANN
edu_name_object_869,141166560,OTUZCO
edu_name_object_870,140684092,OXAPAMPA
edu_name_object_871,141065218,OYON
edu_name_object_872,141379171,PABLO BUTZ
edu_name_object_873,241249390,PABLO CASALS
edu_name_object_874,141065697,PACARAN
edu_name_object_875,141124833,PACARAOS
edu_name_object_876,241186188,PACIFICO NORTE
edu_name_object_877,141121789,PADRE ABAD
edu_name_object_878,140724708,PAIJAN
edu_name_object_879,140714451,PALPA
edu_name_object_880,140743336,PAMPAS-TAYACAJA
edu_name_object_881,241141241,PARACAS SISTEMS 
edu_name_object_882,140575746,PASCO
edu_name_object_883,140814863,PASCUAL SACO Y OLIVEROS
edu_name_object_884,141145002,PAUCAR DEL SARASARA
edu_name_object_885,140744235,PAUCARTAMBO
edu_name_object_886,241066570,PAUL MULLER
edu_name_object_887,141389949,PAZOS
edu_name_object_888,140481143,PEDRO A. DEL AGUILA HIDALGO
edu_name_object_889,140606475,PEDRO ORTIZ MONTOYA
edu_name_object_890,140481085,PEDRO P. DIAZ
edu_name_object_891,141023514,PEDRO VILCAPAZA
edu_name_object_892,241064450,PERU
edu_name_object_893,241526052,PERU - CATOLICA
edu_name_object_894,240454033,PERU FRANCIA (PERU)
edu_name_object_895,241124361,PERU PACIFICO
edu_name_object_896,240702373,PERUANO ALEMAN
edu_name_object_897,241117431,PERUANO CANADIENSE
edu_name_object_898,241123157,PERUANO DE ARTE Y DISEÑO
edu_name_object_899,241468073,PERUANO DE CHEFS
edu_name_object_900,241115856,PERUANO DE MARKETING
edu_name_object_901,241114768,PERUANO DE SISTEMAS SISE
edu_name_object_902,141274364,PERUANO ESPAÑOL
edu_name_object_903,140671115,PERU-COREA DEL SUR
edu_name_object_904,140568154,PERU-JAPON
edu_name_object_905,140937417,PICHANAKI
edu_name_object_906,140563460,PISCO
edu_name_object_907,241395771,PRODUCE Y EXPORTA
edu_name_object_908,241113927,PROTESIS DENTAL
edu_name_object_909,141175454,PUERTO INCA
edu_name_object_910,141249796,PUERTO LIBRE
edu_name_object_911,141303502,PURUS
edu_name_object_912,141351527,QUEROCOTO
edu_name_object_913,141065259,RAMIRO PRIALE PRIALE
edu_name_object_914,140697722,RAMON COPAJA
edu_name_object_915,240928689,REAL SAN FELIPE 
edu_name_object_916,140814970,RECUAY
edu_name_object_917,241607647,REDEMPTORIS MATER
edu_name_object_918,241385566,REGIONAL DEL SUR
edu_name_object_919,240669309,REPUBLICA ARGENTINA
edu_name_object_920,140626192,REPUBLICA FEDERAL DE ALEMANIA
edu_name_object_921,241147222,REYNA DE LAS AMERICAS
edu_name_object_922,240914382,RICARDO PALMA
edu_name_object_923,141016286,RICARDO RAMOS PLATA
edu_name_object_924,141175371,RICARDO SALINAS VARA
edu_name_object_925,141001783,RIO SANTA
edu_name_object_926,140675868,RIOJA
edu_name_object_927,241233170,ROBERT OWEN
edu_name_object_928,241114529,ROCHDALE
edu_name_object_929,141377126,RODRIGO SALAZAR PALACIOS
edu_name_object_930,140814913,RODRIGUEZ DE MENDOZA
edu_name_object_931,241000819,ROSA MERINO CENTER
edu_name_object_932,141389956,RUBEN MARAVI ROMANI
edu_name_object_933,241539840,RUDOLF DIESEL
edu_name_object_934,241468032,S&D 
edu_name_object_935,241122951,SABIO NACIONAL ANTUNEZ DE MAYOLO-TELESUP
edu_name_object_936,241113687,SALESIANO
edu_name_object_937,241203884,SALUD Y BELLEZA
edu_name_object_938,140815134,SAN AGUSTIN - JAEN
edu_name_object_939,240928903,SAN AGUSTIN-ABANCAY
edu_name_object_940,240608232,SAN AGUSTIN-ICA
edu_name_object_941,241115963,SAN AGUSTIN-LIMA
edu_name_object_942,140560615,SAN ANDRES - AYABACA
edu_name_object_943,241350610,SAN ANDRES-LIMA
edu_name_object_944,241381771,SAN ANTONIO
edu_name_object_945,141364678,SAN ANTONIO DE PADUA
edu_name_object_946,241212067,SAN EDUARDO
edu_name_object_947,240891895,SAN FELIPE
edu_name_object_948,241153931,SAN FRANCISCO
edu_name_object_949,141065614,SAN FRANCISCO DE ASIS - LIMA
edu_name_object_950,240920751,SAN FRANCISCO DE ASIS-HUANCAYO
edu_name_object_951,140680769,SAN IGNACIO
edu_name_object_952,140697276,SAN IGNACIO DE LOYOLA - JUNIN
edu_name_object_953,240702407,SAN IGNACIO DE LOYOLA-LIMA
edu_name_object_954,241123637,SAN IGNACIO DE MONTERRICO-SIDEM
edu_name_object_955,241380310,SAN IGNACIO DE PEDRALBES
edu_name_object_956,241185867,SAN ISIDRO DE PIURA
edu_name_object_957,241114743,SAN JAVIER DEL MARAÑON
edu_name_object_958,141389980,SAN JOSE
edu_name_object_959,240413518,SAN JOSE MARELLO
edu_name_object_960,240815043,SAN JOSE ORIOL 
edu_name_object_961,141350982,SAN JUAN-VILCASHUAMAN
edu_name_object_962,240356931,SAN JUAN-SULLANA
edu_name_object_963,241582162,SAN JUAN BAUTISTA LA SALLE
edu_name_object_964,241157437,SAN JUAN BOSCO
edu_name_object_965,141028919,SAN JUAN DEL ORO
edu_name_object_966,141392695,SAN LORENZO
edu_name_object_967,141101195,SAN LUIS-CARLOS FERMIN FITZCARRALD
edu_name_object_968,240702464,SAN LUIS-TRUJILLO
edu_name_object_969,241127281,SAN LUIS MARIA DE MONTFORT
edu_name_object_970,140849364,SAN MARCOS - HUARI
edu_name_object_971,140653493,SAN MARCOS DISTRITO DE SAN MARCOS
edu_name_object_972,240607341,SAN MARCOS-LIMA
edu_name_object_973,241446772,SAN MARCOS-TRUJILLO
edu_name_object_974,140937656,SAN MARTIN DE PANGOA
edu_name_object_975,241185503,SAN MARTIN DE PORRAS
edu_name_object_976,141393800,SAN NICOLAS
edu_name_object_977,240785907,SAN PABLO
edu_name_object_978,141313402,SAN PEDRO - CORONGO
edu_name_object_979,241000736,SAN PEDRO -CHIMBOTE
edu_name_object_980,141350404,SAN PEDRO DE CHURCAMPA
edu_name_object_981,241239508,SAN PEDRO DEL MAR
edu_name_object_982,141065093,SAN PEDRO DEL VALLE DE MALA
edu_name_object_983,240736264,SAN PEDRO-HUANCAYO
edu_name_object_984,141341759,SAN SALVADOR
edu_name_object_985,241100031,SAN SANTIAGO 
edu_name_object_986,241468198,SAN VICENTE DE PAUL
edu_name_object_987,140732792,SANGARARA
edu_name_object_988,241185669,SANTA ANGELA
edu_name_object_989,241528561,SANTA CRUZ
edu_name_object_990,141351956,SANTA LUCIA - LAMPA
edu_name_object_991,240925065,SANTA LUCIA-TARMA
edu_name_object_992,241249739,SANTA LUZMILA
edu_name_object_993,241186022,SANTA MARIA DE LOS ANGELES - CIMAS
edu_name_object_994,141389972,SANTA MARIA DE NIEVA
edu_name_object_995,140814343,SANTA MARIA MAGDALENA
edu_name_object_996,241183433,SANTA MARIA MAZZARELLO
edu_name_object_997,141580034,SANTA ROSA - MELGAR (PUNO)
edu_name_object_998,241000850,SANTA ROSA DE LIMA-CHIMBOTE
edu_name_object_999,241124510,SANTA ROSA DE LIMA-HUAURA
edu_name_object_1000,241123843,SANTA ROSA DE LIMA-LIMA
edu_name_object_1001,241232974,SANTA ROSA-LIMA
edu_name_object_1002,241180520,SANTA URSULA
edu_name_object_1003,140479048,SANTIAGO ANTUNEZ DE MAYOLO
edu_name_object_1004,240898189,SANTIAGO RAMON Y CAJAL
edu_name_object_1005,240699595,SANTO CRISTO DE BAGAZAN
edu_name_object_1006,141016443,SANTO DOMINGO DE GUZMAN - MORROPÓN
edu_name_object_1007,141349943,SANTO DOMINGO DE GUZMAN - SUCRE
edu_name_object_1008,240669291,SANTO TORIBIO DE MOGROVEJO
edu_name_object_1009,141369792,SANTOS VILLALOBOS HUAMAN
edu_name_object_1010,140795914,SAUSA
edu_name_object_1011,241536606,SECOMTUR
edu_name_object_1012,241124403,SELENE 
edu_name_object_1013,241314137,SELVA SYSTEM
edu_name_object_1014,241114495,SEMINARIO BIBLICO ANDINO
edu_name_object_1015,241115336,SEMINARIO EVANGELICO DE LIMA
edu_name_object_1016,241238922,SENCICO AREQUIPA
edu_name_object_1017,241225168,SENCICO CHICLAYO
edu_name_object_1018,241200864,SENCICO CUSCO
edu_name_object_1019,241236801,SENCICO PIURA
edu_name_object_1020,241445006,SENCICO TRUJILLO
edu_name_object_1021,241123512,SENCICO-LIMA
edu_name_object_1022,241111962,SEÑOR DE BURGOS
edu_name_object_1023,141180405,SEÑOR DE CHOCAN
edu_name_object_1024,141060425,SEÑOR DE GUALAMITA
edu_name_object_1025,141101641,SEÑOR DE LA DIVINA MISERICORDIA
edu_name_object_1026,141359041,SEÑOR DE LOCUMBA
edu_name_object_1027,241313667,SEÑOR DE PUMALLUCAY
edu_name_object_1028,241351535,SERGIO BERNALES - CHOTA
edu_name_object_1029,241124312,SERGIO BERNALES GARCIA-CAÑETE
edu_name_object_1030,241124791,SERGIO BERNALES GARCIA-HUARAL
edu_name_object_1031,241135342,SERGIO BERNALES-CAJAMARCA
edu_name_object_1032,241115567,SERGIO BERNALES-LIMA
edu_name_object_1033,241208685,SIGMUND FREUD
edu_name_object_1034,241395177,SIGNOS DE FE
edu_name_object_1035,140597237,SIMON BOLIVAR - CALLAO
edu_name_object_1036,141180728,SIMON BOLIVAR - PAITA
edu_name_object_1037,141249192,SIMON SANCHEZ REYES
edu_name_object_1038,241127364,SISTEMAS DEL SUR
edu_name_object_1039,241115922,SISTEMAS PERU
edu_name_object_1040,241117548,SISTEMAS Y ADMINISTRACION MODERNA - ESSAM 
edu_name_object_1041,241468115,SKILL COM 
edu_name_object_1042,241185941,SOL DEL NORTE
edu_name_object_1043,241341619,SOUTHERN TECHNOLOGICAL INSTITUTE
edu_name_object_1044,241156884,STANFORD
edu_name_object_1045,241351493,STENDHAL
edu_name_object_1046,140584722,SUIZA
edu_name_object_1047,140622860,SULLANA
edu_name_object_1048,241185826,TALLAN
edu_name_object_1049,140814848,TAURIJA
edu_name_object_1050,241114818,TECCEN 
edu_name_object_1051,240914473,TEC-CENTRO DE CAPACITACION TECNICA
edu_name_object_1052,240920785,TECNICOS EN COSMETOLOGIA SISTEMA Y BELLEZA - TECSYB
edu_name_object_1053,241232776,TECNIMEDIA 
edu_name_object_1054,240920512,TECNOFUTURO 
edu_name_object_1055,241424647,TECNOLOGÍA E INFORMÁTICA DEL SUR
edu_name_object_1056,241468289,TECNOLOGICO DE ESTUDIOS ADMINISTRATIVOS - ISEA
edu_name_object_1057,241468255,TECNOLOGICO DE LIBRE COMERCIO SAN JOSE DEL SUR
edu_name_object_1058,240605253,TECNOLOGICO DE LIMA - INSTTEL
edu_name_object_1059,241249275,TECNOTRONIC
edu_name_object_1060,241390616,TECNOVA
edu_name_object_1061,241585819,TECSEL
edu_name_object_1062,241115096,TECSUP NO.1-LIMA
edu_name_object_1063,240891689,TECSUP NO.2-AREQUIPA
edu_name_object_1064,241375815,TECSUP TRUJILLO
edu_name_object_1065,241238963,TEKNO'S 
edu_name_object_1066,140936096,TEODORO RIVERA TAYPE
edu_name_object_1067,241407147,TEPNUM
edu_name_object_1068,241031236,THOMAS JEFFERSON
edu_name_object_1069,141058650,TICRAPO
edu_name_object_1070,141175413,TINYASH
edu_name_object_1071,141384486,TODAS LAS ARTES
edu_name_object_1072,241204866,TOKIO TARAPOTO
edu_name_object_1073,240817577,TOKIO-CORONEL PORTILLO
edu_name_object_1074,241221969,TORIBIO RODRIGUEZ DE MENDOZA
edu_name_object_1075,241114842,TOULOUSE LAUTREC
edu_name_object_1076,241350628,TRENTINO JUAN PABLO II DE MANCHAY
edu_name_object_1077,241600519,TRIAL 
edu_name_object_1078,241123751,TRILCE
edu_name_object_1079,140588012,TRUJILLO
edu_name_object_1080,140918136,TSAMAJAIN
edu_name_object_1081,241355668,TUINEN STAR
edu_name_object_1082,241158534,TUMAN
edu_name_object_1083,140481127,TUPAC AMARU
edu_name_object_1084,241345065,TURISMO SAGRADOS CORAZONES DE AREQUIPA
edu_name_object_1085,240702654,TUSAN
edu_name_object_1086,240914325,UCAYALI
edu_name_object_1087,241351444,UNIBACT
edu_name_object_1088,241124643,UNICENTER- UNIVERSAL INFORMATIC CENTER
edu_name_object_1089,240695502,UNITEK-AREQUIPA 
edu_name_object_1090,241425008,UNITEK-CHINCHA
edu_name_object_1091,240886986,UNITEK-ICA 
edu_name_object_1092,240697961,UNITEK-ILO
edu_name_object_1093,241026822,UNITEK-JULIACA
edu_name_object_1094,241024470,UNITEK-PUNO
edu_name_object_1095,241215540,UNITEK-TACNA 
edu_name_object_1096,240933994,URUSAYHUA
edu_name_object_1097,140741744,UTCUBAMBA
edu_name_object_1098,141345115,VALLE DE TAMBO
edu_name_object_1099,241124437,VALLE GRANDE
edu_name_object_1100,141327295,VELILLE
edu_name_object_1101,140905349,VICENTE FERRER
edu_name_object_1102,140508473,VICTOR ALVAREZ HUAPAYA
edu_name_object_1103,140690545,VICTOR ANDRES BELAUNDE - SANTIAGO DE CHUCO
edu_name_object_1104,241250091,VICTOR ANDRES BELAUNDE-LIMA
edu_name_object_1105,140757880,VICTOR RAUL HAYA DE LA TORRE-TRUJILLO
edu_name_object_1106,140644013,VICTOR RAUL HAYA DE LA TORRE-BARRANCA
edu_name_object_1107,140674614,VICUS
edu_name_object_1108,140929497,VILCABAMBA
edu_name_object_1109,140679779,VILCANOTA
edu_name_object_1110,141065333,VILLA MARIA
edu_name_object_1111,141403575,VIRGEN DE COCHARCAS - ANGARAES
edu_name_object_1112,241346626,VIRGEN DE COCHARCAS-JAUJA
edu_name_object_1113,241351550,VIRGEN DE COPACABANA
edu_name_object_1114,141001940,VIRGEN DE GUADALUPE-SANTA
edu_name_object_1115,241250133,VIRGEN DE GUADALUPE-LIMA
edu_name_object_1116,141396217,VIRGEN DE LA NATIVIDAD
edu_name_object_1117,240847277,VIRGEN DE LAS NIEVES
edu_name_object_1118,140757112,VIRGEN DEL ROSARIO
edu_name_object_1119,241396993,VIRGINIA HENDERSON
edu_name_object_1120,141193135,VIRU
edu_name_object_1121,241468271,VIVAL
edu_name_object_1122,241446434,VON HUMBOLDT
edu_name_object_1123,241472257,WALTER PEÑALOZA RAMELLA
edu_name_object_1124,241249952,WATERFORD
edu_name_object_1125,241113695,WERNHER VON BRAUN
edu_name_object_1126,241461334,WILLIAM BOEING
edu_name_object_1127,241115575,YACHAY WASI
edu_name_object_1128,141345073,YANQUE
edu_name_object_1129,141225325,YATRAYWASI
edu_name_object_1130,141396290,ZEPITA
edu_name_object_1131,160000022,UNIVERSIDAD NACIONAL AGRARIA DE LA SELVA
edu_name_object_1132,160000007,UNIVERSIDAD NACIONAL AGRARIA LA MOLINA
edu_name_object_1133,160000075,UNIVERSIDAD NACIONAL AMAZÓNICA DE MADRE DE DIOS
edu_name_object_1134,160000026,UNIVERSIDAD NACIONAL DANIEL ALCIDES CARRIÓN
edu_name_object_1135,160000016,UNIVERSIDAD NACIONAL DE CAJAMARCA
edu_name_object_1136,160000025,UNIVERSIDAD NACIONAL DE EDUCACIÓN E.G.V.
edu_name_object_1137,160000051,UNIVERSIDAD NACIONAL DE HUANCAVELICA
edu_name_object_1138,160000006,UNIVERSIDAD NACIONAL DE INGENIERÍA
edu_name_object_1139,160000011,UNIVERSIDAD NACIONAL DE LA AMAZONÍA PERUANA
edu_name_object_1140,160000095,UNIVERSIDAD NACIONAL DE MOQUEGUA
edu_name_object_1141,160000013,UNIVERSIDAD NACIONAL DE PIURA
edu_name_object_1142,160000005,UNIVERSIDAD NACIONAL DE SAN AGUSTÍN
edu_name_object_1143,160000003,UNIVERSIDAD NACIONAL DE SAN ANTONIO ABAD DEL CUSCO
edu_name_object_1144,160000002,UNIVERSIDAD NACIONAL DE SAN CRISTÓBAL DE HUAMANGA
edu_name_object_1145,160000034,UNIVERSIDAD NACIONAL DE SAN MARTÍN
edu_name_object_1146,160000004,UNIVERSIDAD NACIONAL DE TRUJILLO
edu_name_object_1147,160000041,UNIVERSIDAD NACIONAL DE TUMBES
edu_name_object_1148,160000035,UNIVERSIDAD NACIONAL DE UCAYALI
edu_name_object_1149,160000012,UNIVERSIDAD NACIONAL DEL ALTIPLANO
edu_name_object_1150,160000027,UNIVERSIDAD NACIONAL DEL CALLAO
edu_name_object_1151,160000010,UNIVERSIDAD NACIONAL DEL CENTRO DEL PERÚ
edu_name_object_1152,160000042,UNIVERSIDAD NACIONAL DEL SANTA
edu_name_object_1153,160000021,UNIVERSIDAD NACIONAL FEDERICO VILLARREAL
edu_name_object_1154,160000023,UNIVERSIDAD NACIONAL HERMILIO VALDIZÁN
edu_name_object_1155,160000084,UNIVERSIDAD NACIONAL INTERCULTURAL DE LA AMAZONÍA
edu_name_object_1156,160000032,UNIVERSIDAD NACIONAL JORGE BASADRE GROHMANN
edu_name_object_1157,160000028,UNIVERSIDAD NACIONAL JOSÉ FAUSTINO SÁNCHEZ CARRIÓN
edu_name_object_1158,160000089,UNIVERSIDAD NACIONAL JOSÉ MARÍA ARGUEDAS
edu_name_object_1159,160000001,UNIVERSIDAD NACIONAL MAYOR DE SAN MARCOS
edu_name_object_1160,160000077,UNIVERSIDAD NACIONAL MICAELA BASTIDAS DE APURÍMAC
edu_name_object_1161,160000031,UNIVERSIDAD NACIONAL PEDRO RUÍZ GALLO
edu_name_object_1162,160000009,UNIVERSIDAD NACIONAL SAN LUIS GONZAGA
edu_name_object_1163,160000033,UNIVERSIDAD NACIONAL SANTIAGO ANTÚNEZ DE MAYOLO
edu_name_object_1164,160000088,UNIVERSIDAD NACIONAL TECNOLÓGICA DEL CONO SUR DE LIMA
edu_name_object_1165,160000076,UNIVERSIDAD NACIONAL TORIBIO RODRÍGUEZ DE MENDOZA DE AMAZONAS
edu_name_object_1166,260000064,ASOCIACIÓN UNIVERSIDAD PRIVADA SAN JUAN BAUTISTA
edu_name_object_1167,260000501,FACULTAD DE TEOLOGÍA PONTIFICIA Y CIVIL DE LIMA
edu_name_object_1168,260000008,PONTIFICIA UNIVERSIDAD CATÓLICA DEL PERÚ
edu_name_object_1169,260000087,UNIVERSIDAD ADA A BYRON
edu_name_object_1170,260000059,UNIVERSIDAD ALAS PERUANAS
edu_name_object_1171,260000039,UNIVERSIDAD ANDINA DEL CUSCO
edu_name_object_1172,260000036,UNIVERSIDAD ANDINA NESTOR CÁCERES VELÁSQUEZ
edu_name_object_1173,260000080,UNIVERSIDAD ANTONIO RUÍZ DE MONTOYA
edu_name_object_1174,260000096,UNIVERSIDAD AUTÓNOMA DEL PERÚ
edu_name_object_1175,260000015,UNIVERSIDAD CATÓLICA DE SANTA MARÍA
edu_name_object_1176,260000074,UNIVERSIDAD CATÓLICA DE TRUJILLO BENEDICTO XVI
edu_name_object_1177,260000053,UNIVERSIDAD CATÓLICA LOS ÁNGELES DE CHIMBOTE
edu_name_object_1178,260000062,UNIVERSIDAD CATÓLICA SAN PABLO
edu_name_object_1179,260000069,UNIVERSIDAD CATÓLICA SANTO TORIBIO DE MOGROVEJO
edu_name_object_1180,260000071,UNIVERSIDAD CATÓLICA SEDES SAPIENTIAE
edu_name_object_1181,260000050,UNIVERSIDAD CIENTÍFICA DEL PERÚ
edu_name_object_1182,260000068,UNIVERSIDAD CIENTÍFICA DEL SUR
edu_name_object_1183,260000067,UNIVERSIDAD CONTINENTAL
edu_name_object_1184,260000097,UNIVERSIDAD DE CIENCIAS Y HUMANIDADES
edu_name_object_1185,260000047,UNIVERSIDAD DE HUÁNUCO
edu_name_object_1186,260000018,UNIVERSIDAD DE LIMA
edu_name_object_1187,260000029,UNIVERSIDAD DE PIURA
edu_name_object_1188,260000019,UNIVERSIDAD DE SAN MARTÍN DE PORRES
edu_name_object_1189,260000017,UNIVERSIDAD DEL PACÍFICO
edu_name_object_1190,260000079,UNIVERSIDAD ESAN
edu_name_object_1191,260000020,UNIVERSIDAD FEMENINA DEL SAGRADO CORAZÓN
edu_name_object_1192,260000024,UNIVERSIDAD INCA GARCILASO DE LA VEGA
edu_name_object_1193,260000100,UNIVERSIDAD JAIME BAUSATE Y MEZA
edu_name_object_1194,260000048,UNIVERSIDAD JOSÉ CARLOS MARIÁTEGUI
edu_name_object_1195,260000104,UNIVERSIDAD LE CORDON BLEU
edu_name_object_1196,260000082,UNIVERSIDAD PARA EL DESARROLLO ANDINO
edu_name_object_1197,260000044,UNIVERSIDAD PARTICULAR DE CHICLAYO
edu_name_object_1198,260000105,UNIVERSIDAD PARTICULAR DE HUANCAYO FRANKLIN ROOSEVELT
edu_name_object_1199,260000014,UNIVERSIDAD PERUANA CAYETANO HEREDIA
edu_name_object_1200,260000054,UNIVERSIDAD PERUANA DE CIENCIAS APLICADAS
edu_name_object_1201,260000081,UNIVERSIDAD PERUANA DE CIENCIAS E INFORMÁTICA
edu_name_object_1202,260000093,UNIVERSIDAD PERUANA DE INTEGRACIÓN GLOBAL
edu_name_object_1203,260000078,UNIVERSIDAD PERUANA DE LAS AMÉRICAS
edu_name_object_1204,260000102,UNIVERSIDAD PERUANA DEL CENTRO
edu_name_object_1205,260000094,UNIVERSIDAD PERUANA DEL ORIENTE
edu_name_object_1206,260000037,UNIVERSIDAD PERUANA LOS ANDES
edu_name_object_1207,260000092,UNIVERSIDAD PERUANA SIMÓN BOLIVAR
edu_name_object_1208,260000038,UNIVERSIDAD PERUANA UNIÓN
edu_name_object_1209,260000046,UNIVERSIDAD PRIVADA ANTENOR ORREGO
edu_name_object_1210,260000070,UNIVERSIDAD PRIVADA ANTONIO GUILLERMO URRELO
edu_name_object_1211,260000103,UNIVERSIDAD PRIVADA ARZOBISPO LOAYZA
edu_name_object_1212,260000052,UNIVERSIDAD PRIVADA CÉSAR VALLEJO
edu_name_object_1213,260000063,UNIVERSIDAD PRIVADA DE ICA
edu_name_object_1214,260000107,UNIVERSIDAD PRIVADA DE LAMBAYEQUE
edu_name_object_1215,260000086,UNIVERSIDAD PRIVADA DE PUCALLPA
edu_name_object_1216,260000043,UNIVERSIDAD PRIVADA DE TACNA
edu_name_object_1217,260000090,UNIVERSIDAD PRIVADA DE TRUJILLO
edu_name_object_1218,260000055,UNIVERSIDAD PRIVADA DEL NORTE
edu_name_object_1219,260000099,UNIVERSIDAD PRIVADA JUAN MEJÍA BACA
edu_name_object_1220,260000049,UNIVERSIDAD PRIVADA MARCELINO CHAMPAGNAT
edu_name_object_1221,260000061,UNIVERSIDAD PRIVADA NORBERT WIENER
edu_name_object_1222,260000091,UNIVERSIDAD PRIVADA SAN CARLOS
edu_name_object_1223,260000057,UNIVERSIDAD PRIVADA SAN IGNACIO DE LOYOLA
edu_name_object_1224,260000045,UNIVERSIDAD PRIVADA SAN PEDRO
edu_name_object_1225,260000072,UNIVERSIDAD PRIVADA SEÑOR DE SIPÁN
edu_name_object_1226,260000085,UNIVERSIDAD PRIVADA SERGIO BERNALES
edu_name_object_1227,260000083,UNIVERSIDAD PRIVADA TELESUP
edu_name_object_1228,260000030,UNIVERSIDAD RICARDO PALMA
edu_name_object_1229,260000040,UNIVERSIDAD TECNOLÓGICA DE LOS ANDES
edu_name_object_1230,260000065,UNIVERSIDAD TECNOLÓGICA DEL PERÚ
edu_name_object_1231,260000108,UNIVERSIDAD DE CIENCIAS Y ARTES DE AMÉRICA LATINA
edu_name_object_1232,260000109,UNIVERSIDAD PERUANA DE ARTE ORVAL
edu_name_object_1233,260000110,UNIVERSIDAD PARTICULAR DE LA SELVA PERUANA
edu_name_object_1234,260000111,UNIVERSIDAD CIENCIAS DE LA SALUD
edu_name_object_1235,260000112,UNIVERSIDAD DE AYACUCHO FEDERICO FROEBEL
edu_name_object_1236,260000113,UNIVERSIDAD PERUANA DE INVESTIGACIÓN Y NEGOCIOS
edu_name_object_1237,260000114,UNIVERSIDAD PERUANA AUSTRAL DEL CUSCO
edu_name_object_1238,260000115,UNIVERSIDAD AUTÓNOMA SAN FRANCISCO
edu_name_object_1239,260000116,UNIVERSIDAD SAN ANDRÉS
edu_name_object_1240,260000117,UNIVERSIDAD INTERAMERICANA PARA EL DESARROLLO
edu_name_object_1241,260000118,UNIVERSIDAD PARTICULAR JUAN PABLO II
edu_name_object_1242,260000119,UNIVERSIDAD PARTICULAR LEONARDO DA VINCI
edu_name_object_1243,260000132,UNIVERSIDAD DE INGENIERÍA Y TECNOLOGÍA
edu_name_object_1244,260000133,UNIVERSIDAD LA SALLE
edu_name_object_1245,260000134,UNIVERSIDAD LATINOAMERICANA CIMA
edu_name_object_1246,260000135,UNIVERSIDAD PARTICULAR AUTÓNOMA DEL SUR
edu_name_object_1247,260000136,UNIVERSIDAD MARÍA AUXILIADORA
edu_name_object_1248,260000137,UNIVERSIDAD DE LA AMAZONÍA MARIO PELÁEZ BAZÁN
edu_name_object_1249,260000140,UNIVERSIDAD SANTO DOMINGO DE GUZMÁN
edu_name_object_1250,260000141,UNIVERSIDAD MARITIMA DEL PERÚ
edu_name_object_1251,260000142,UNIVERSIDAD PARTICULAR LÍDER PERUANA
edu_name_object_1252,260000143,UNIVERSIDAD PARTICULAR PERUANO ALEMANA
edu_name_object_1253,260000144,UNIVERSIDAD GLOBAL DEL CUSCO
edu_name_object_1254,260000145,UNIVERSIDAD PERUANA SANTO TOMAS DE AQUINO
edu_name_object_1255,260000146,UNIVERSIDAD PARTICULAR SISE
edu_name_object_1256,160000098,UNIVERSIDAD NACIONAL DE JULIACA
edu_name_object_1257,160000101,UNIVERSIDAD NACIONAL DE JAÉN
edu_name_object_1258,160000106,UNIVERSIDAD NACIONAL DE CAÑETE
edu_name_object_1259,160000120,UNIVERSIDAD NACIONAL AUTÓNOMA DE CHOTA
edu_name_object_1260,160000121,UNIVERSIDAD NACIONAL DE BARRANCA
edu_name_object_1261,160000122,UNIVERSIDAD NACIONAL DE FRONTERA
edu_name_object_1262,160000123,"UNIVERSIDAD NACIONAL INTERCULTURAL ""FABIOLA SALAZAR LEGUÍA"""
edu_name_object_1263,160000124,UNIVERSIDAD NACIONAL INTERCULTURAL DE LA SELVA CENTRAL JUAN SANTOS ATAHUALPA
edu_name_object_1264,160000125,UNIVERSIDAD NACIONAL INTERCULTURAL DE QUILLABAMBA
edu_name_object_1265,160000126,UNIVERSIDAD NACIONAL AUTÓNOMA DE ALTO AMAZONAS
edu_name_object_1266,160000127,UNIVERSIDAD NACIONAL AUTÓNOMA ALTOANDINA DE TARMA
edu_name_object_1267,160000128,UNIVERSIDAD NACIONAL AUTÓNOMA DE HUANTA
edu_name_object_1268,160000129,UNIVERSIDAD NACIONAL TECNOLÓGICA DE SAN JUAN DE LURIGANCHO
edu_name_object_1269,160000130,UNIVERSIDAD AUTÓNOMA MUNICIPAL DE LOS OLIVOS
edu_name_object_1270,160000138,UNIVERSIDAD NACIONAL AUTONOMA DE TAYACAJA DANIEL HERNANDEZ MORILLO
edu_name_object_1271,160000139,UNIVERSIDAD NACIONAL CIRO ALEGRÍA
edu_name_object_1272,199999999,INSTITUCIÓN NO ESPECIFICADA
edu_name_object_1273,299999999,INSTITUCIÓN NO ESPECIFICADA
